Workbook
Name Slicer_productname: #N/A
Name Slicer_suppliername: #N/A

Sheet Data_expiry
A1: batchid | B1: productname | C1: currentstock | D1: expirydate | E1: unitcost | F1: potentialrevenueloss | G1: expiryriskstatus
A2: B0102 | B2: Medication_53 | C2: 218 | D2: 46185 | E2: 48.7 | F2: 10616.6 | G2: Critical: < 30 Days
A3: B0698 | B3: Medication_32 | C3: 339 | D3: 46187 | E3: 24.04 | F3: 8149.56 | G3: Critical: < 30 Days
A4: B0840 | B4: Medication_60 | C4: 204 | D4: 46187 | E4: 34.33 | F4: 7003.32 | G4: Critical: < 30 Days
A5: B0178 | B5: Medication_32 | C5: 357 | D5: 46193 | E5: 24.04 | F5: 8582.28 | G5: Critical: < 30 Days
A6: B0483 | B6: Medication_34 | C6: 353 | D6: 46194 | E6: 46.55 | F6: 16432.15 | G6: Critical: < 30 Days
A7: B0092 | B7: Medication_32 | C7: 349 | D7: 46195 | E7: 24.04 | F7: 8389.96 | G7: Critical: < 30 Days
A8: B0894 | B8: Medication_29 | C8: 183 | D8: 46200 | E8: 5.01 | F8: 916.83 | G8: Critical: < 30 Days
A9: B0469 | B9: Medication_19 | C9: 764 | D9: 46208 | E9: 35.72 | F9: 27290.08 | G9: Critical: < 30 Days
A10: B0040 | B10: Medication_82 | C10: 126 | D10: 46209 | E10: 49.5 | F10: 6237 | G10: Critical: < 30 Days
A11: B0144 | B11: Medication_51 | C11: 363 | D11: 46210 | E11: 43.52 | F11: 15797.76 | G11: Critical: < 30 Days
A12: B0909 | B12: Medication_49 | C12: 77 | D12: 46213 | E12: 38.63 | F12: 2974.51 | G12: Critical: < 30 Days
A13: B0523 | B13: Medication_92 | C13: 330 | D13: 46215 | E13: 36.98 | F13: 12203.4 | G13: Critical: < 30 Days
... A384: B0484 | B384: Medication_26 | C384: 507 | D384: 46376 | E384: 24.53 | F384: 12436.71 | G384: Warning: 31-90 Days

Sheet Data_stock
A1: productname | B1: facilityname | C1: totalsold_last30days | D1: currentstock | E1: sellthroughrate
A2: Medication_57 | B2: Emergency Dept Storage | C2: 214 | D2: 357 | E2: 0.59943978
A3: Medication_20 | B3: South Wing Pharmacy | C3: 213 | D3: 5 | E3: 42.6
A4: Medication_91 | B4: North Wing Pharmacy | C4: 198 | D4: 103 | E4: 1.9223301
A5: Medication_15 | B5: North Wing Pharmacy | C5: 180 | D5: 307 | E5: 0.58631922
A6: Medication_75 | B6: Main Warehouse | C6: 171 | D6: 56 | E6: 3.0535714
A7: Medication_5 | B7: Outpatient Clinic | C7: 162 | D7: 488 | E7: 0.33196721
A8: Medication_19 | B8: Emergency Dept Storage | C8: 156 | D8: 541 | E8: 0.2883549
A9: Medication_80 | B9: South Wing Pharmacy | C9: 152 | D9: 2 | E9: 76
A10: Medication_47 | B10: Main Warehouse | C10: 151 | D10: 648 | E10: 0.23302469
A11: Medication_11 | B11: Outpatient Clinic | C11: 151 | D11: 889 | E11: 0.16985377
A12: Medication_96 | B12: Emergency Dept Storage | C12: 147 | D12: 232 | E12: 0.63362069
A13: Medication_98 | B13: Main Warehouse | C13: 144 | D13: 349 | E13: 0.41260745
... A671: Medication_61 | B671: Emergency Dept Storage | C671: 19 | D671: 757 | E671: 0.025099075
A672: Medication_21 | B672: North Wing Pharmacy | C672: 19 | D672: 0
A673: Medication_48 | B673: Outpatient Clinic | C673: 19 | D673: 346 | E673: 0.054913295
A674: Medication_19 | B674: Outpatient Clinic | C674: 19 | D674: 401 | E674: 0.047381546
A675: Medication_69 | B675: Emergency Dept Storage | C675: 19 | D675: 147 | E675: 0.1292517
A676: Medication_43 | B676: North Wing Pharmacy | C676: 19 | D676: 562 | E676: 0.033807829
A677: Medication_40 | B677: North Wing Pharmacy | C677: 18 | D677: 454 | E677: 0.039647577
A678: Medication_1 | B678: Main Warehouse | C678: 18 | D678: 422 | E678: 0.042654028
A679: Medication_5 | B679: Outpatient Clinic | C679: 18 | D679: 246 | E679: 0.073170732
A680: Medication_73 | B680: South Wing Pharmacy | C680: 18 | D680: 476 | E680: 0.037815126
A681: Medication_89 | B681: South Wing Pharmacy | C681: 18 | D681: 320 | E681: 0.05625
A682: Medication_26 | B682: South Wing Pharmacy | C682: 18 | D682: 468 | E682: 0.038461538
A683: Medication_39 | B683: South Wing Pharmacy | C683: 18 | D683: 83 | E683: 0.21686747
A684: Medication_81 | B684: South Wing Pharmacy | C684: 18 | D684: 743 | E684: 0.02422611
... A774: Medication_97 | B774: North Wing Pharmacy | C774: 5 | D774: 206 | E774: 0.024271845

Sheet Data_suppliers
A1: supplierid | B1: suppliername | C1: averageleadtime_days
A2: S001 | B2: Supplier_A Medical | C2: 16
A3: S002 | B3: Supplier_B Medical | C3: 20
A4: S003 | B4: Supplier_C Medical | C4: 3
A5: S004 | B5: Supplier_D Medical | C5: 10
A6: S005 | B6: Supplier_E Medical | C6: 17
A7: S006 | B7: Supplier_F Medical | C7: 10
A8: S007 | B8: Supplier_G Medical | C8: 8
A9: S008 | B9: Supplier_H Medical | C9: 15
A10: S009 | B10: Supplier_I Medical | C10: 19
A11: S010 | B11: Supplier_J Medical | C11: 18
A12: S011 | B12: Supplier_K Medical | C12: 14
A13: S012 | B13: Supplier_L Medical | C13: 15
... A16: S015 | B16: Supplier_O Medical | C16: 3

Sheet Pivot_calculations
A1: Row Labels | B1: Sum of potentialrevenueloss
A2: Critical: < 30 Days | B2: 1470939.2
A3: Warning: 31-90 Days | B3: 1457280.8
A4: Grand Total | B4: 2928220

Sheet Dashboard
A10: Product Name | B10: Current Stock | C10: Expiry Date | D10: Risk Status | G10: Row Labels | H10: Sum of currentstock | I10: Sum of totalsold_last30days | T10: Row Labels | U10: Sum of averageleadtime_days
A11: =Data_expiry!B2 -> Medication_53 | B11: =Data_expiry!C2 -> 218 | C11: =Data_expiry!D2 -> 46185 | D11: =Data_expiry!G2 -> Critical: < 30 Days | G11: Medication_35 | H11: 1747 | I11: 278 | T11: Supplier_H Medical | U11: 15
A12: =Data_expiry!B3 -> Medication_32 | B12: =Data_expiry!C3 -> 339 | C12: =Data_expiry!D3 -> 46187 | D12: =Data_expiry!G3 -> Critical: < 30 Days | G12: Grand Total | H12: 1747 | I12: 278 | T12: Grand Total | U12: 15
A13: =Data_expiry!B4 -> Medication_60 | B13: =Data_expiry!C4 -> 204 | C13: =Data_expiry!D4 -> 46187 | D13: =Data_expiry!G4 -> Critical: < 30 Days
A14: =Data_expiry!B5 -> Medication_32 | B14: =Data_expiry!C5 -> 357 | C14: =Data_expiry!D5 -> 46193 | D14: =Data_expiry!G5 -> Critical: < 30 Days
A15: =Data_expiry!B6 -> Medication_34 | B15: =Data_expiry!C6 -> 353 | C15: =Data_expiry!D6 -> 46194 | D15: =Data_expiry!G6 -> Critical: < 30 Days
A16: =Data_expiry!B7 -> Medication_32 | B16: =Data_expiry!C7 -> 349 | C16: =Data_expiry!D7 -> 46195 | D16: =Data_expiry!G7 -> Critical: < 30 Days
A17: =Data_expiry!B8 -> Medication_29 | B17: =Data_expiry!C8 -> 183 | C17: =Data_expiry!D8 -> 46200 | D17: =Data_expiry!G8 -> Critical: < 30 Days
A18: =Data_expiry!B9 -> Medication_19 | B18: =Data_expiry!C9 -> 764 | C18: =Data_expiry!D9 -> 46208 | D18: =Data_expiry!G9 -> Critical: < 30 Days
A19: =Data_expiry!B10 -> Medication_82 | B19: =Data_expiry!C10 -> 126 | C19: =Data_expiry!D10 -> 46209 | D19: =Data_expiry!G10 -> Critical: < 30 Days
A20: =Data_expiry!B11 -> Medication_51 | B20: =Data_expiry!C11 -> 363 | C20: =Data_expiry!D11 -> 46210 | D20: =Data_expiry!G11 -> Critical: < 30 Days
